horizon,A0,m0,time_to_fs3,time_to_fs6,time_to_fs12,viable_fs3,viable_fs6,viable_fs12,impact_cum_end,FS_end,BC_end,employees_end,pct_months_U_pos,avg_U,A_end,m_end,p_eff_last,phase_final,fs_cov_final
24,10.0,5.0,,,,0,0,0,0.0,0.0,0.0,2,0.0,-1950.0,10.0,5.0,,1.0,0.0
24,10.0,10.0,,,,0,0,0,0.0,0.0,0.0,2,0.0,-1900.0,10.0,10.0,,1.0,0.0
24,10.0,15.0,,,,0,0,0,0.0,0.0,0.0,2,0.0,-1850.0,10.0,15.0,,1.0,0.0
24,10.0,20.0,,,,0,0,0,0.0,0.0,0.0,2,0.0,-1800.0,10.0,20.0,,1.0,0.0
24,10.0,25.0,,,,0,0,0,0.0,0.0,0.0,2,0.0,-1750.0,10.0,25.0,,1.0,0.0
24,10.0,40.0,,,,0,0,0,0.0,0.0,0.0,2,0.0,-1600.0,10.0,40.0,,1.0,0.0
24,10.0,50.0,,,,0,0,0,0.0,0.0,0.0,2,0.0,-1500.0,10.0,50.0,,1.0,0.0
24,10.0,75.0,,,,0,0,0,0.0,0.0,0.0,2,0.0,-1250.0,10.0,75.0,,1.0,0.0
24,10.0,100.0,,,,0,0,0,0.0,0.0,0.0,2,0.0,-1000.0,10.0,100.0,,1.0,0.0
24,10.0,150.0,,,,0,0,0,0.0,0.0,0.0,2,0.0,-500.0,10.0,150.0,,1.0,0.0
24,10.0,250.0,,,,0,0,0,5667.789252335043,4048.4208945250307,1217.0301498774818,2,1.0,612.9902693733716,10.566495677394805,258.92999440008793,0.11419260484952466,1.0,2.0242104472625155
24,25.0,5.0,,,,0,0,0,0.0,0.0,0.0,2,0.0,-1875.0,25.0,5.0,,1.0,0.0
24,25.0,10.0,,,,0,0,0,0.0,0.0,0.0,2,0.0,-1750.0,25.0,10.0,,1.0,0.0
24,25.0,15.0,,,,0,0,0,0.0,0.0,0.0,2,0.0,-1625.0,25.0,15.0,,1.0,0.0
24,25.0,20.0,,,,0,0,0,0.0,0.0,0.0,2,0.0,-1500.0,25.0,20.0,,1.0,0.0
24,25.0,25.0,,,,0,0,0,0.0,0.0,0.0,2,0.0,-1375.0,25.0,25.0,,1.0,0.0
24,25.0,40.0,,,,0,0,0,0.0,0.0,0.0,2,0.0,-1000.0,25.0,40.0,,1.0,0.0
24,25.0,50.0,,,,0,0,0,0.0,0.0,0.0,2,0.0,-750.0,25.0,50.0,,1.0,0.0
24,25.0,75.0,,,,0,0,0,0.0,0.0,0.0,2,0.0,-125.0,25.0,75.0,,1.0,0.0
24,25.0,100.0,,,,0,0,0,5287.517760950582,3776.798400678988,1102.3589282123598,2,1.0,570.4869554364856,25.528487532328896,103.3285783354978,0.11006845032071469,1.0,1.888399200339494
24,25.0,150.0,12.0,,,1,0,0,14491.568032038916,10351.120022884941,5276.6460348644405,3,1.0,1657.5158101867046,26.30288395416919,162.59422123537587,0.2173748131982852,2.0,3.450373340961647
24,25.0,250.0,5.0,18.0,,1,1,0,34121.22303713725,24372.302169383758,25406.993108070077,4,1.0,4443.666680806219,27.55502793544649,292.7404662783122,0.3443783453157218,3.0,6.0930755423459395
24,50.0,5.0,,,,0,0,0,0.0,0.0,0.0,2,0.0,-1750.0,50.0,5.0,,1.0,0.0
24,50.0,10.0,,,,0,0,0,0.0,0.0,0.0,2,0.0,-1500.0,50.0,10.0,,1.0,0.0
24,50.0,15.0,,,,0,0,0,0.0,0.0,0.0,2,0.0,-1250.0,50.0,15.0,,1.0,0.0
24,50.0,20.0,,,,0,0,0,0.0,0.0,0.0,2,0.0,-1000.0,50.0,20.0,,1.0,0.0
24,50.0,25.0,,,,0,0,0,0.0,0.0,0.0,2,0.0,-750.0,50.0,25.0,,1.0,0.0
24,50.0,40.0,,,,0,0,0,0.0,0.0,0.0,2,0.0,0.0,50.0,40.0,,1.0,0.0
24,50.0,50.0,,,,0,0,0,5167.714010289403,3691.2242930638586,1067.2444838734298,2,1.0,557.1385608647066,50.516513144456724,51.626000534799175,0.10876593047876551,1.0,1.8456121465319293
24,50.0,75.0,12.0,,,1,0,0,14281.924634466282,10201.374738904487,5354.378658127219,3,1.0,1639.956713380924,51.30548763680973,81.31021409852482,0.2152648637814127,2.0,3.4004582463014956
24,50.0,100.0,7.0,,,1,0,0,23571.015252209734,16836.439465864096,13389.39869690892,3,1.0,2896.285982630108,51.92665458513233,112.65003238966422,0.32069318502257027,2.0,5.612146488621366
24,50.0,150.0,4.0,14.0,,1,1,0,42185.03486112386,30132.1677579456,34655.56196753487,5,1.0,5629.005048361953,52.98021219879123,180.2934043401562,0.3420058754135056,3.0,6.02643355158912
24,50.0,250.0,4.0,7.0,,1,1,0,80585.34341918137,57560.95958512957,78387.59146958617,7,1.0,11260.727364722974,54.36055658454386,326.953198382858,0.3640280318534901,3.0,8.222994226447081
24,100.0,5.0,,,,0,0,0,0.0,0.0,0.0,2,0.0,-1500.0,100.0,5.0,,1.0,0.0
24,100.0,10.0,,,,0,0,0,0.0,0.0,0.0,2,0.0,-1000.0,100.0,10.0,,1.0,0.0
24,100.0,15.0,,,,0,0,0,0.0,0.0,0.0,2,0.0,-500.0,100.0,15.0,,1.0,0.0
24,100.0,20.0,,,,0,0,0,0.0,0.0,0.0,2,0.0,0.0,100.0,20.0,,1.0,0.0
24,100.0,25.0,,,,0,0,0,5109.061055285444,3649.329325203889,1050.229549559212,2,1.0,550.610859732174,100.51065078013852,25.803632554175195,0.10812766231286866,1.0,1.8246646626019445
24,100.0,40.0,11.0,,,1,0,0,15689.812433815743,11207.008881296959,6143.285000398669,3,1.0,1812.4992196411893,101.39154886675769,43.59640972714843,0.2311482444493872,2.0,3.735669627098986
24,100.0,50.0,8.0,,,1,0,0,23184.61800084299,16560.441429173567,12767.440310584625,3,1.0,2832.0379892151323,101.90057585699864,56.2343498541305,0.31643325343895157,2.0,5.520147143057856
24,100.0,75.0,4.0,14.0,,1,1,0,41532.96621002387,29666.40443573133,33276.922107854276,5,1.0,5506.872370567725,102.95107864765514,89.9854781406553,0.338262624759321,2.0,5.933280887146266
24,100.0,100.0,3.0,9.0,,1,1,0,59197.33556559083,42283.81111827917,52280.72541458878,6,1.0,8051.11510314664,103.65070904110489,125.2320986228325,0.32680947164692403,3.0,7.047301853046529
24,100.0,150.0,3.0,6.0,,1,1,0,96127.2351441785,68662.31081727037,102841.63788604473,7,1.0,13821.500303206083,104.74475024795966,200.1477253557711,0.4149637778683072,3.0,9.808901545324337
24,100.0,250.0,1.0,4.0,17.0,1,1,1,174944.2211846689,124960.15798904923,275143.0815755528,9,1.0,28819.872564127098,107.692503089824,382.57728715429073,0.431496582759317,4.0,13.884461998783248
24,250.0,5.0,,,,0,0,0,0.0,0.0,0.0,2,0.0,-750.0,250.0,5.0,,1.0,0.0
24,250.0,10.0,,,,0,0,0,5074.262130721391,3624.472950515279,1040.1892282345045,2,1.0,546.7402387480042,250.50717262675863,10.319230473239738,0.10774879100771051,1.0,1.8122364752576396
24,250.0,15.0,12.0,,,1,0,0,13892.228433776616,9923.02030984044,5047.769171529246,3,1.0,1588.5209807360018,251.27404690184792,16.230469643056587,0.21096554394564299,2.0,3.30767343661348
24,250.0,20.0,8.0,,,1,0,0,22914.14231094245,16367.244507816036,12477.023429962537,3,1.0,2793.1043801117776,251.8809597958067,22.46651800307698,0.31341281695987244,2.0,5.455748169272012
24,250.0,25.0,5.0,19.0,,1,1,0,32291.21198948722,23065.151421062303,23775.67881414868,4,1.0,4194.146536848181,252.51808800859095,29.20744338432028,0.32951058571685266,2.0,5.766287855265576
24,250.0,40.0,3.0,10.0,,1,1,0,58272.5686197684,41623.263299834594,52612.273814381195,6,1.0,7973.186867242911,253.6561870014461,50.109908076130054,0.32339444196012657,3.0,6.937210549972432
24,250.0,50.0,4.0,7.0,,1,1,0,76214.48164117166,54438.91545797976,71512.55163109706,7,1.0,10540.650131570676,254.1935265705865,64.72364036397869,0.35016104047267416,3.0,7.776987922568537
24,250.0,75.0,2.0,5.0,24.0,1,1,1,120668.46204464082,86191.7586033149,159301.7788193973,7,1.0,18608.65170126862,255.76210167105836,104.6946844148395,0.4957889644921859,4.0,12.313108371902128
24,250.0,100.0,1.0,4.0,17.0,1,1,1,169405.1595272571,121003.68537661221,263516.0437401944,9,1.0,27785.902569259804,257.55666467692987,151.86106987617862,0.46206417998292587,4.0,13.44485393073469
24,250.0,150.0,1.0,2.0,8.0,1,1,1,259089.38053560004,185063.8432397143,509797.3213300658,10,1.0,46944.86661649085,260.2589793170579,253.87016146933442,0.5430158770125625,4.0,18.50638432397143
24,250.0,250.0,1.0,2.0,3.0,1,1,1,355195.62376368867,253711.15983120614,1239730.7487382176,10,1.0,86893.10895175995,264.68387956756703,459.57040923244824,0.7,4.0,25.371115983120614
24,500.0,5.0,,,,0,0,0,5062.7274037115,3616.23385979393,1036.870163186676,2,1.0,545.4576262152685,500.50601973050584,5.159246934613627,0.10762317659090136,1.0,1.808116929896965
24,500.0,10.0,8.0,,,1,0,0,22824.60492180595,16303.289229861384,12381.803066362367,3,1.0,2780.2541874680687,501.87446421776997,11.228755397498645,0.31241283193383973,2.0,5.4344297432871285
24,500.0,15.0,4.0,14.0,,1,1,0,40629.67386514406,29021.19561796005,32300.66780756961,5,1.0,5376.582772254297,502.8970701237949,17.937315391430747,0.33321812384918614,2.0,5.804239123592009
24,500.0,20.0,3.0,10.0,,1,1,0,57911.38282938782,41365.273449562716,52033.98837807698,6,1.0,7913.259717081364,503.6383373495917,25.027465894179205,0.3220651826282221,3.0,6.894212241593786
24,500.0,25.0,4.0,7.0,,1,1,0,75459.93967448629,53899.95691034735,71012.57835534943,7,1.0,10444.962557910021,504.1625552272081,32.30028188278346,0.3477156264799811,3.0,7.699993844335335
24,500.0,40.0,2.0,4.0,22.0,1,1,1,129232.65633394526,92309.04023853235,169454.40606335134,7,1.0,19881.300285769135,505.9576241790595,56.19389080121154,0.4159178960072404,4.0,13.187005748361765
24,500.0,50.0,1.0,4.0,18.0,1,1,1,166691.5543364498,119065.39595460697,260779.48089031546,9,1.0,27402.672253014116,507.46957099031545,75.54266672106735,0.4562213650912668,4.0,13.229488439400773
24,500.0,75.0,1.0,2.0,8.0,1,1,1,256200.55792518804,183000.39851799147,497449.40909904614,10,1.0,46143.78072884796,510.17049028639514,126.34790192109857,0.5382016980230726,4.0,18.30003985179915
24,500.0,100.0,1.0,2.0,5.0,1,1,1,312589.6778974991,223278.34135535653,835392.4940880594,10,1.0,65818.901330802,512.6424346042813,178.66459493700228,0.6353779678604636,4.0,22.327834135535653
24,500.0,150.0,1.0,1.0,3.0,1,1,1,392739.1391380968,280527.95652721205,1572704.3289430963,10,1.0,104491.56322363067,516.327891284161,284.1429161351421,0.7,4.0,28.052795652721205
24,500.0,250.0,1.0,1.0,2.0,1,1,1,612138.0738746222,437241.4813390158,2947260.950296415,10,1.0,183530.52311499175,524.4975971945058,508.198526615101,0.7,4.0,43.72414813390158
60,10.0,5.0,,,,0,0,0,0.0,0.0,0.0,2,0.0,-1950.0,10.0,5.0,,1.0,0.0
60,10.0,10.0,,,,0,0,0,0.0,0.0,0.0,2,0.0,-1900.0,10.0,10.0,,1.0,0.0
60,10.0,15.0,,,,0,0,0,0.0,0.0,0.0,2,0.0,-1850.0,10.0,15.0,,1.0,0.0
60,10.0,20.0,,,,0,0,0,0.0,0.0,0.0,2,0.0,-1800.0,10.0,20.0,,1.0,0.0
60,10.0,25.0,,,,0,0,0,0.0,0.0,0.0,2,0.0,-1750.0,10.0,25.0,,1.0,0.0
60,10.0,40.0,,,,0,0,0,0.0,0.0,0.0,2,0.0,-1600.0,10.0,40.0,,1.0,0.0
60,10.0,50.0,,,,0,0,0,0.0,0.0,0.0,2,0.0,-1500.0,10.0,50.0,,1.0,0.0
60,10.0,75.0,,,,0,0,0,0.0,0.0,0.0,2,0.0,-1250.0,10.0,75.0,,1.0,0.0
60,10.0,100.0,,,,0,0,0,0.0,0.0,0.0,2,0.0,-1000.0,10.0,100.0,,1.0,0.0
60,10.0,150.0,,,,0,0,0,0.0,0.0,0.0,2,0.0,-500.0,10.0,150.0,,1.0,0.0
60,10.0,250.0,34.0,,,0,0,0,10152.232826789786,7251.594876278417,3295.9243666118173,3,0.65,446.42065828914866,11.014715924716613,266.2196313147357,0.22576064604190327,1.0,2.417198292092806
60,25.0,5.0,,,,0,0,0,0.0,0.0,0.0,2,0.0,-1875.0,25.0,5.0,,1.0,0.0
60,25.0,10.0,,,,0,0,0,0.0,0.0,0.0,2,0.0,-1750.0,25.0,10.0,,1.0,0.0
60,25.0,15.0,,,,0,0,0,0.0,0.0,0.0,2,0.0,-1625.0,25.0,15.0,,1.0,0.0
60,25.0,20.0,,,,0,0,0,0.0,0.0,0.0,2,0.0,-1500.0,25.0,20.0,,1.0,0.0
60,25.0,25.0,,,,0,0,0,0.0,0.0,0.0,2,0.0,-1375.0,25.0,25.0,,1.0,0.0
60,25.0,40.0,,,,0,0,0,0.0,0.0,0.0,2,0.0,-1000.0,25.0,40.0,,1.0,0.0
60,25.0,50.0,,,,0,0,0,0.0,0.0,0.0,2,0.0,-750.0,25.0,50.0,,1.0,0.0
60,25.0,75.0,,,,0,0,0,0.0,0.0,0.0,2,0.0,-125.0,25.0,75.0,,1.0,0.0
60,25.0,100.0,37.0,,,1,0,0,10141.762020964008,7244.115729260005,3299.280823344975,3,0.7166666666666667,402.2228173239663,26.013669367412707,106.48152160981684,0.22648083108119965,1.0,2.4147052430866682
60,25.0,150.0,12.0,48.0,,1,1,0,30946.103309861028,22104.3595070436,21909.87736320229,4,1.0,1593.1845953335715,27.390965805193378,173.9302096761219,0.32401484776826095,2.0,5.526089876760899
60,25.0,250.0,5.0,18.0,,1,1,0,67330.50335955224,48093.21668539447,62605.973727852106,7,1.0,3715.278266875005,28.803294045221314,316.2656241294974,0.3266521604821898,3.0,6.870459526484924
60,50.0,5.0,,,,0,0,0,0.0,0.0,0.0,2,0.0,-1750.0,50.0,5.0,,1.0,0.0
60,50.0,10.0,,,,0,0,0,0.0,0.0,0.0,2,0.0,-1500.0,50.0,10.0,,1.0,0.0
60,50.0,15.0,,,,0,0,0,0.0,0.0,0.0,2,0.0,-1250.0,50.0,15.0,,1.0,0.0
60,50.0,20.0,,,,0,0,0,0.0,0.0,0.0,2,0.0,-1000.0,50.0,20.0,,1.0,0.0
60,50.0,25.0,,,,0,0,0,0.0,0.0,0.0,2,0.0,-750.0,50.0,25.0,,1.0,0.0
60,50.0,40.0,,,,0,0,0,0.0,0.0,0.0,2,0.0,0.0,50.0,40.0,,1.0,0.0
60,50.0,50.0,38.0,,,1,0,0,10234.124850184086,7310.089178702918,3376.0825409945087,3,0.75,400.8035224692624,51.02290103450117,53.27131603721475,0.22842850034541082,1.0,2.4366963929009726
60,50.0,75.0,12.0,51.0,,1,1,0,29540.115747479736,21100.082676771242,20509.31900686647,3,1.0,1514.0487988239545,52.32236141974964,86.59677195052468,0.33075259340529256,3.0,7.033360892257081
60,50.0,100.0,7.0,26.0,,1,1,0,46552.38219592983,33251.70156852132,39450.4850235339,5,1.0,2504.8248375323064,53.132221822747915,121.38149983547531,0.3193929557398862,3.0,6.650340313704264
60,50.0,150.0,4.0,14.0,,1,1,0,83140.17250607365,59385.8375043383,83344.0167540812,7,1.0,4688.280140586814,54.2982466288377,195.62594442599126,0.3791850386394755,3.0,8.483691072048329
60,50.0,250.0,4.0,7.0,37.0,1,1,1,193124.41540424724,137946.01100303372,285498.2832081305,10,1.0,12421.971998081834,57.29781783434787,392.0789574107439,0.43908738244199425,4.0,13.794601100303373
60,100.0,5.0,,,,0,0,0,0.0,0.0,0.0,2,0.0,-1500.0,100.0,5.0,,1.0,0.0
60,100.0,10.0,,,,0,0,0,0.0,0.0,0.0,2,0.0,-1000.0,100.0,10.0,,1.0,0.0
60,100.0,15.0,,,,0,0,0,0.0,0.0,0.0,2,0.0,-500.0,100.0,15.0,,1.0,0.0
60,100.0,20.0,,,,0,0,0,0.0,0.0,0.0,2,0.0,0.0,100.0,20.0,,1.0,0.0
60,100.0,25.0,38.0,,,1,0,0,10253.269573548801,7323.763981106289,3417.86152299973,3,0.7666666666666667,400.137667828266,101.02481455007985,26.63884133951589,0.22892235048349696,1.0,2.441254660368763
60,100.0,40.0,11.0,45.0,,1,1,0,31848.445438583913,22748.88959898849,23069.68613786892,4,1.0,1648.3219689082882,102.44302515243383,46.53029137479157,0.3320732207725843,2.0,5.687222399747123
60,100.0,50.0,8.0,27.0,,1,1,0,45153.69749994357,32252.641071388258,37806.94367030011,5,1.0,2421.92912069324,103.0794037323934,60.49290443539593,0.3130128960976067,3.0,6.450528214277652
60,100.0,75.0,4.0,14.0,,1,1,0,79104.8142038073,56503.4387170052,77106.14017983478,7,1.0,4424.182265053091,104.17684740229984,97.08227918441017,0.3658633174934129,3.0,8.07191981671503
60,100.0,100.0,3.0,9.0,56.0,1,1,1,126348.58975526497,90248.99268233219,161123.22484175602,7,1.0,7699.220007492166,105.57874372785463,141.10552631245216,0.41691112797022234,4.0,12.892713240333169
60,100.0,150.0,3.0,6.0,31.0,1,1,1,231598.45320816376,165427.46657725985,359493.172078748,12,1.0,15181.967677826906,107.93907332509576,243.84807684310672,0.43905868592777936,4.0,13.785622214771655
60,100.0,250.0,1.0,4.0,17.0,1,1,1,463341.9104825722,330958.5074875516,898376.1518772369,21,1.0,33359.519613929035,111.80560832372265,493.2390108054747,0.48706232909521646,4.0,15.759928927978647
60,250.0,5.0,,,,0,0,0,0.0,0.0,0.0,2,0.0,-750.0,250.0,5.0,,1.0,0.0
60,250.0,10.0,39.0,,,1,0,0,10135.474098435529,7239.624356025381,3309.0636879717204,3,0.7666666666666667,389.19387015099795,251.0130408893986,10.647772121729343,0.22691567950799535,1.0,2.413208118675127
60,250.0,15.0,12.0,54.0,,1,1,0,27722.645447188064,19801.88960513433,18339.164106301036,3,1.0,1405.7577131680353,252.1957674625551,17.184221821953905,0.3167173572715287,3.0,6.6006298683781095
60,250.0,20.0,8.0,27.0,,1,1,0,44391.594715026375,31708.281939304572,36987.69835198996,5,1.0,2378.032858050086,253.05325235547707,24.158097621701135,0.3095467701029784,3.0,6.3416563878609145
60,250.0,25.0,5.0,19.0,,1,1,0,60321.89983189315,43087.07130849512,55468.05734976134,6,1.0,3318.1938063013054,253.65588753917274,31.33977842431529,0.33687152152635547,3.0,7.1811785514158535
60,250.0,40.0,3.0,10.0,58.0,1,1,1,122171.1956798676,87265.13977133404,155939.2997687244,7,1.0,7447.051650108409,255.50036643957029,56.16959441827708,0.40651573472294533,4.0,12.466448538762005
60,250.0,50.0,4.0,7.0,41.0,1,1,1,173453.15368391073,123895.10977422199,248133.38839248137,9,1.0,11018.618127331463,256.83065133563235,76.19192866302285,0.43867735262373236,4.0,13.766123308246888
60,250.0,75.0,2.0,5.0,24.0,1,1,1,300152.4109429308,214394.57924495052,501667.6155248584,15,1.0,20271.93688346712,259.30995348681466,130.36006038926303,0.45156452766027677,4.0,14.292971949663368
60,250.0,100.0,1.0,4.0,17.0,1,1,1,437283.2651208423,312345.1893720302,822687.0473062011,21,1.0,31063.961309105038,261.48175063532665,193.53359407937214,0.48383656377921647,4.0,14.873580446287152
60,250.0,150.0,1.0,2.0,8.0,1,1,1,674898.4551286023,482070.32509185903,2012219.0413319669,22,1.0,60318.66874952494,265.6285766975796,353.5934601102661,0.6380127610384736,4.0,21.91228750417541
60,250.0,250.0,1.0,2.0,3.0,1,1,1,1088285.0927947673,777346.4948534054,5312450.0211331,22,1.0,131726.7500662964,273.8359029156192,806.9657153991302,0.7,4.0,35.3339315842457
60,500.0,5.0,39.0,,,1,0,0,10091.897849996665,7208.498464283334,3284.1358684901734,3,0.7666666666666667,385.573935715139,501.0086854422784,5.322450613280797,0.22616930076895228,1.0,2.402832821427778
60,500.0,10.0,8.0,28.0,,1,1,0,43876.510829409686,31340.364878149765,36511.32221707888,5,1.0,2349.6534190707475,503.0249078085571,12.057896090897927,0.3071571015010252,3.0,6.268072975629953
60,500.0,15.0,4.0,14.0,,1,1,0,75807.37002462645,54148.12144616178,72849.53462651608,7,1.0,4222.387879673144,504.064116410943,19.28177486777649,0.3549714935552185,3.0,7.735445920880254
60,500.0,20.0,3.0,10.0,59.0,1,1,1,120392.6429990533,85994.74499932375,153043.38752703927,7,1.0,7328.208958746419,505.4417747342978,27.983433241982482,0.4020793998846961,4.0,12.284963571331964
60,500.0,25.0,4.0,7.0,41.0,1,1,1,171179.5725063875,122271.12321884821,243928.27898093231,9,1.0,10858.311495173773,506.77643440363795,37.96901440335251,0.434283736974654,4.0,13.585680357649801
60,500.0,40.0,2.0,4.0,22.0,1,1,1,318238.2706499436,227313.05046424543,529245.8162524701,16,1.0,21449.266407777028,509.47042496838077,69.81837295795009,0.44952465430643024,4.0,14.20706565401534
60,500.0,50.0,1.0,4.0,18.0,1,1,1,427467.63502954564,305334.025021104,790344.2779841791,21,1.0,30135.40602313098,511.2969987515157,95.69516947566069,0.4753140191242681,4.0,14.53971547719543
60,500.0,75.0,1.0,2.0,8.0,1,1,1,662527.0195949256,473233.5854249467,1918393.4674527692,22,1.0,58263.979203376504,515.4209031390636,174.69517900941673,0.6282324482150811,4.0,21.51061751931576
60,500.0,100.0,1.0,2.0,5.0,1,1,1,815691.6338866442,582636.8813476033,3469772.8897945173,22,1.0,90198.26379366439,519.0829199794159,265.751876455754,0.7,4.0,26.48349460670924
60,500.0,150.0,1.0,1.0,3.0,1,1,1,1373620.0484540933,981157.1774672094,7022042.714031967,22,1.0,171542.77731537775,528.4401872684543,597.4714278501244,0.7,4.0,44.59805352123679
60,500.0,250.0,1.0,1.0,2.0,1,1,1,2857876.689426583,2041340.49244756,15423586.592251753,22,1.0,370467.5816735048,551.6255319760359,1472.9007760114364,0.7,4.0,92.78820420216182
120,10.0,5.0,,,,0,0,0,0.0,0.0,0.0,2,0.0,-1950.0,10.0,5.0,,1.0,0.0
120,10.0,10.0,,,,0,0,0,0.0,0.0,0.0,2,0.0,-1900.0,10.0,10.0,,1.0,0.0
120,10.0,15.0,,,,0,0,0,0.0,0.0,0.0,2,0.0,-1850.0,10.0,15.0,,1.0,0.0
120,10.0,20.0,,,,0,0,0,0.0,0.0,0.0,2,0.0,-1800.0,10.0,20.0,,1.0,0.0
120,10.0,25.0,,,,0,0,0,0.0,0.0,0.0,2,0.0,-1750.0,10.0,25.0,,1.0,0.0
120,10.0,40.0,,,,0,0,0,0.0,0.0,0.0,2,0.0,-1600.0,10.0,40.0,,1.0,0.0
120,10.0,50.0,,,,0,0,0,0.0,0.0,0.0,2,0.0,-1500.0,10.0,50.0,,1.0,0.0
120,10.0,75.0,,,,0,0,0,0.0,0.0,0.0,2,0.0,-1250.0,10.0,75.0,,1.0,0.0
120,10.0,100.0,,,,0,0,0,0.0,0.0,0.0,2,0.0,-1000.0,10.0,100.0,,1.0,0.0
120,10.0,150.0,,,,0,0,0,0.0,0.0,0.0,2,0.0,-500.0,10.0,150.0,,1.0,0.0
120,10.0,250.0,34.0,,,0,0,0,10152.232826789786,7251.594876278417,3295.9243666118173,3,0.325,206.95633414002774,11.014715924716613,266.2196313147357,0.22576064604190327,1.0,2.417198292092806
120,25.0,5.0,,,,0,0,0,0.0,0.0,0.0,2,0.0,-1875.0,25.0,5.0,,1.0,0.0
120,25.0,10.0,,,,0,0,0,0.0,0.0,0.0,2,0.0,-1750.0,25.0,10.0,,1.0,0.0
120,25.0,15.0,,,,0,0,0,0.0,0.0,0.0,2,0.0,-1625.0,25.0,15.0,,1.0,0.0
120,25.0,20.0,,,,0,0,0,0.0,0.0,0.0,2,0.0,-1500.0,25.0,20.0,,1.0,0.0
120,25.0,25.0,,,,0,0,0,0.0,0.0,0.0,2,0.0,-1375.0,25.0,25.0,,1.0,0.0
120,25.0,40.0,,,,0,0,0,0.0,0.0,0.0,2,0.0,-1000.0,25.0,40.0,,1.0,0.0
120,25.0,50.0,,,,0,0,0,0.0,0.0,0.0,2,0.0,-750.0,25.0,50.0,,1.0,0.0
120,25.0,75.0,,,,0,0,0,0.0,0.0,0.0,2,0.0,-125.0,25.0,75.0,,1.0,0.0
120,25.0,100.0,37.0,,,0,0,0,10141.762020964008,7244.115729260005,3299.280823344975,3,0.35833333333333334,103.67128469805124,26.013669367412707,106.48152160981684,0.22648083108119965,1.0,2.4147052430866682
120,25.0,150.0,12.0,48.0,,1,1,0,42043.592740060565,30031.13767147183,34844.16085653066,5,1.0,1124.5662757897514,27.929088842132522,179.8285696831704,0.3498491242974271,3.0,6.006227534294366
120,25.0,250.0,5.0,18.0,,1,1,0,115181.48527712599,82272.48948366144,142689.46630427713,7,1.0,3474.425815970681,30.170269674919187,344.2178884050025,0.4887784234129623,3.0,11.753212783380206
120,50.0,5.0,,,,0,0,0,0.0,0.0,0.0,2,0.0,-1750.0,50.0,5.0,,1.0,0.0
120,50.0,10.0,,,,0,0,0,0.0,0.0,0.0,2,0.0,-1500.0,50.0,10.0,,1.0,0.0
120,50.0,15.0,,,,0,0,0,0.0,0.0,0.0,2,0.0,-1250.0,50.0,15.0,,1.0,0.0
120,50.0,20.0,,,,0,0,0,0.0,0.0,0.0,2,0.0,-1000.0,50.0,20.0,,1.0,0.0
120,50.0,25.0,,,,0,0,0,0.0,0.0,0.0,2,0.0,-750.0,50.0,25.0,,1.0,0.0
120,50.0,40.0,,,,0,0,0,0.0,0.0,0.0,2,0.0,0.0,50.0,40.0,,1.0,0.0
120,50.0,50.0,38.0,,,0,0,0,10234.124850184086,7310.089178702918,3376.0825409945087,3,0.375,77.24059050634848,51.02290103450117,53.27131603721475,0.22842850034541082,1.0,2.4366963929009726
120,50.0,75.0,12.0,51.0,,1,1,0,40375.08279451836,28839.3448532274,33009.6793675881,5,0.875,1069.4543295622602,52.879546113940535,89.63924577426229,0.33877471277515225,2.0,5.76786897064548
120,50.0,100.0,7.0,26.0,,1,1,0,60776.80740769403,43412.00529121001,55583.03600409151,7,1.0,1669.081002567709,53.63159800340373,125.1969704425874,0.3066800347266177,3.0,6.20171504160143
120,50.0,150.0,4.0,14.0,92.0,1,1,1,155221.1551788942,110872.25369921012,216323.4487258314,8,1.0,4882.480231026653,56.31186993791506,221.60975026113283,0.4435929455304399,4.0,13.859031712401265
120,50.0,250.0,4.0,7.0,37.0,1,1,1,371758.85206532147,265542.0371895153,629763.4719214696,19,1.0,12624.196632387671,59.8560287354038,459.36762896979826,0.4469092095648028,4.0,13.975896694185016
120,100.0,5.0,,,,0,0,0,0.0,0.0,0.0,2,0.0,-1500.0,100.0,5.0,,1.0,0.0
120,100.0,10.0,,,,0,0,0,0.0,0.0,0.0,2,0.0,-1000.0,100.0,10.0,,1.0,0.0
120,100.0,15.0,,,,0,0,0,0.0,0.0,0.0,2,0.0,-500.0,100.0,15.0,,1.0,0.0
120,100.0,20.0,,,,0,0,0,0.0,0.0,0.0,2,0.0,0.0,100.0,20.0,,1.0,0.0
120,100.0,25.0,38.0,,,0,0,0,10253.269573548801,7323.763981106289,3417.86152299973,3,0.38333333333333336,63.563546164440176,101.02481455007985,26.63884133951589,0.22892235048349696,1.0,2.441254660368763
120,100.0,40.0,11.0,45.0,,1,1,0,41580.99540940442,29700.71100671745,34314.64968312749,5,1.0,1110.9751642126587,102.91849747622113,47.92181039720856,0.3467237139249404,2.0,5.94014220134349
120,100.0,50.0,8.0,27.0,,1,1,0,60163.875978984936,42974.19712784637,54838.20417629064,6,1.0,1650.712732798155,103.61712906438126,62.54295218743495,0.337860833112927,3.0,7.162366187974395
120,100.0,75.0,4.0,14.0,100.0,1,1,1,142293.30295688656,101638.07354063331,192563.39335757427,8,1.0,4427.974765219599,105.98197491988532,108.5674112503394,0.45984093366998124,4.0,12.704759192579164
120,100.0,100.0,3.0,9.0,56.0,1,1,1,240839.6413331999,172028.31523799992,376008.9600303907,12,1.0,7911.97231241992,108.04758545619043,164.41094614014213,0.4558282011048005,4.0,14.335692936499994
120,100.0,150.0,3.0,6.0,31.0,1,1,1,434671.9041950131,310479.93156786665,754617.8053378353,22,1.0,14912.92425470048,110.41547877802957,284.2557915840618,0.45041049448908943,4.0,14.112724162175757
120,100.0,250.0,1.0,4.0,17.0,1,1,1,942580.4227556711,673271.7305397652,2063566.3351838617,41,1.0,35898.378641525655,115.04025245358477,602.5632565509296,0.5071800243003152,4.0,16.42126172048208
120,250.0,5.0,,,,0,0,0,0.0,0.0,0.0,2,0.0,-750.0,250.0,5.0,,1.0,0.0
120,250.0,10.0,39.0,,,0,0,0,10135.474098435529,7239.624356025381,3309.0636879717204,3,0.38333333333333336,48.542911301816766,251.0130408893986,10.647772121729343,0.22691567950799535,1.0,2.413208118675127
120,250.0,15.0,12.0,54.0,,1,1,0,40084.837744650846,28632.026960464875,32575.388921868678,4,1.0,1066.7956565840411,252.86269438512505,17.90934162469571,0.3373937790963142,3.0,7.158006740116218
120,250.0,20.0,8.0,27.0,,1,1,0,57737.373858111496,41240.9813272225,51956.02888875147,6,1.0,1578.5497220513314,253.54056433322222,24.89887918570158,0.32842258621707426,3.0,6.873496887870417
120,250.0,25.0,5.0,19.0,,1,1,0,85887.31256151166,61348.08040107976,88196.63735345809,7,1.0,2439.0853224199222,254.38923250420257,32.79703499994226,0.3905396836575526,3.0,8.764011485868537
120,250.0,40.0,3.0,10.0,58.0,1,1,1,230206.97567627692,164433.55405448365,357514.02973491175,12,1.0,7546.88230485992,257.9136089617721,65.22209150504584,0.44028907851320287,4.0,13.702796171206971
120,250.0,50.0,4.0,7.0,41.0,1,1,1,319437.50909589976,228169.64935421426,527781.450699622,16,1.0,10736.224571225026,259.2053548750138,88.26071877922581,0.4541256818611669,4.0,14.26060308463839
120,250.0,75.0,2.0,5.0,24.0,1,1,1,558169.1211030306,398692.22935930727,1007572.0957672002,28,1.0,19471.218280262998,261.76373257874025,151.74932350737566,0.4535885554076423,4.0,14.239008191403832
120,250.0,100.0,1.0,4.0,17.0,1,1,1,852232.2649262699,608737.3320901926,1731686.700121139,41,1.0,31340.09283684816,264.33284676433885,230.8905405750125,0.47765516697904087,4.0,14.84725200219982
120,250.0,150.0,1.0,2.0,8.0,1,1,1,1445884.300974659,1032774.5006961849,5878438.208784227,42,1.0,77675.16564809588,270.5540267458072,479.4950412220153,0.7,4.0,24.58986906419488
120,250.0,250.0,1.0,2.0,3.0,1,1,1,4232705.740296679,3023361.243069057,22781453.61836594,42,1.0,273827.7035716343,292.7562295982982,2577.5738972665636,0.7,4.0,71.98479150164421
120,500.0,5.0,39.0,,,0,0,0,10091.897849996665,7208.498464283334,3284.1358684901734,3,0.38333333333333336,43.57168429115542,501.0086854422784,5.322450613280797,0.22616930076895228,1.0,2.402832821427778
120,500.0,10.0,8.0,28.0,,1,1,0,56514.82050457309,40367.728931837904,50550.985630958305,6,1.0,1542.584017253484,503.48980546691723,12.410386779611173,0.3236468305285459,3.0,6.727954821972984
120,500.0,15.0,4.0,14.0,108.0,1,1,1,130998.77870511716,93570.55621794087,171020.2127558938,7,1.0,4024.35055679747,505.6407885629349,21.260136531180684,0.4313773409929204,4.0,13.367222316848697
120,500.0,20.0,3.0,10.0,59.0,1,1,1,226325.67497228686,161661.19640877625,350701.0610557651,12,1.0,7413.097631264051,507.8444680543675,32.47216355645683,0.43461722510520695,4.0,13.47176636739802
120,500.0,25.0,4.0,7.0,41.0,1,1,1,313526.9632888684,223947.8309206203,516266.64895181777,16,1.0,10522.995155726816,509.1272017162574,43.91824319391149,0.44764699694128496,4.0,13.996739432538769
120,500.0,40.0,2.0,4.0,22.0,1,1,1,587051.6354249864,419322.59673213336,1056987.951901313,30,1.0,20456.082841736872,511.8940938657662,81.12288227361067,0.4590592390737789,4.0,13.977419891071111
120,500.0,50.0,1.0,4.0,18.0,1,1,1,816557.8367835016,583255.5977025009,1603616.911424881,41,1.0,29565.018642499035,513.9793013141702,112.98159337632546,0.4619924749847861,4.0,14.225746285426851
120,500.0,75.0,1.0,2.0,8.0,1,1,1,1407316.0555843965,1005225.7539888542,5452587.138207239,42,1.0,73361.16376252848,520.1841533963179,234.5390219156708,0.6928202622367166,4.0,23.933946523544147
120,500.0,100.0,1.0,2.0,5.0,1,1,1,2134568.4135230514,1524691.723945037,10796866.10999678,42,1.0,132326.43213733536,527.3070912894274,441.5564901591205,0.7,4.0,36.30218390345326
120,500.0,150.0,1.0,1.0,3.0,1,1,1,7845475.043433621,5603910.745309727,42976792.68614044,42,1.0,513804.12642088503,566.3363981620847,3202.0724819837515,0.7,4.0,133.42644631689828
120,500.0,250.0,1.0,1.0,2.0,1,1,1,22598274.591735993,16141624.708382849,125092463.82730398,42,1.0,1490815.6626826127,666.4317191848178,8677.746783900366,0.7,4.0,384.3243978186392
